Hills,Hill Google Maps Link,Beaches,Beach Google Maps Link,Cities,City Google Maps Link,Top Restaurants,Restaurant Google Maps Link,Desert Areas,Desert Area Google Maps Link,River Glaciers,Glacier Google Maps Link
Nandi Hills,https://www.google.com/maps/place/Nandi+Hills,Gokarna Beach,https://www.google.com/maps?q=Gokarna+Beach,Bangalore,https://www.google.com/maps/place/Bangalore,Karavalli,https://www.google.com/maps/place/Karavalli,Thar Desert,https://www.google.com/maps?q=Thar+Desert,Gangotri Glacier,https://www.google.com/maps/place/Gangotri+Glacier
Chamundi Hills,https://www.google.com/maps/place/Chamundi+Hills,Om Beach,https://www.google.com/maps?q=Om+Beach,Mysuru,https://www.google.com/maps/place/Mysuru,Trishna,https://www.google.com/maps/place/Trishna,Luni River,https://www.google.com/maps?q=Luni+River,Siachen Glacier,https://www.google.com/maps/place/Siachen+Glacier
Mullayanagiri,https://www.google.com/maps/place/Mullayanagiri,Kudle Beach,https://www.google.com/maps?q=Kudle+Beach,Hubli-Dharwad,https://www.google.com/maps/place/Hubli-Dharwad,Karavalli (Hubli),https://www.google.com/maps/place/Karavalli+(Hubli),Little Rann of Kutch,https://www.google.com/maps?q=Little+Rann+of+Kutch,Khumbu Glacier,https://www.google.com/maps/place/Khumbu+Glacier
Kemmanagundi,https://www.google.com/maps/place/Kemmanagundi,Karwar Beach,https://www.google.com/maps?q=Karwar+Beach,Mangalore,https://www.google.com/maps/place/Mangalore,Karavalli (Mangalore),https://www.google.com/maps/place/Karavalli+(Mangalore),Rann of Kutch,https://www.google.com/maps?q=Rann+of+Kutch,Satyopanth Glacier,https://www.google.com/maps/place/Satyopanth+Glacier
Baba Budangiri,https://www.google.com/maps/place/Baba+Budangiri,Malpe Beach,https://www.google.com/maps?q=Malpe+Beach,Belgaum,https://www.google.com/maps/place/Belgaum,Karavalli (Belgaum),https://www.google.com/maps/place/Karavalli+(Belgaum),Sam Sand Dunes,https://www.google.com/maps?q=Sam+Sand+Dunes,Satyopanth Glacier,https://www.google.com/maps/place/Satyopanth+Glacier
Kudremukh,https://www.google.com/maps/place/Kudremukh,Kapu Beach,https://www.google.com/maps?q=Kapu+Beach,Gulbarga,https://www.google.com/maps/place/Gulbarga,Karavalli (Gulbarga),https://www.google.com/maps/place/Karavalli+(Gulbarga),Little Rann of Kutch,https://www.google.com/maps?q=Little+Rann+of+Kutch,Satyopanth Glacier,https://www.google.com/maps/place/Satyopanth+Glacier
Kodachadri,https://www.google.com/maps/place/Kodachadri,Maravanthe Beach,https://www.google.com/maps?q=Maravanthe+Beach,Davanagere,https://www.google.com/maps/place/Davanagere,Karavalli (Davanagere),https://www.google.com/maps/place/Karavalli+(Davanagere),Luni River,https://www.google.com/maps?q=Luni+River,Khumbu Glacier,https://www.google.com/maps/place/Khumbu+Glacier
Biligiriranga Hills,https://www.google.com/maps/place/Biligiriranga+Hills,Bellary,https://www.google.com/maps/place/Bellary,Kumara Parvatha,https://www.google.com/maps/place/Kumara+Parvatha,Thar Desert,https://www.google.com/maps?q=Thar+Desert,Satyopanth Glacier,https://www.google.com/maps/place/Satyopanth+Glacier,,
Kumara Parvatha,https://www.google.com/maps/place/Kumara+Parvatha,Shimoga,https://www.google.com/maps/place/Shimoga,Brahmagiri,https://www.google.com/maps/place/Brahmagiri,Little Rann of Kutch,https://www.google.com/maps?q=Little+Rann+of+Kutch,Karavalli (Shimoga),https://www.google.com/maps/place/Karavalli+(Shimoga),,
Brahmagiri,https://www.google.com/maps/place/Brahmagiri,Tumkur,https://www.google.com/maps/place/Tumkur,Rann of Kutch,https://www.google.com/maps?q=Rann+of+Kutch,Karavalli (Tumkur),https://www.google.com/maps/place/Karavalli+(Tumkur),Satyopanth Glacier,https://www.google.com/maps/place/Satyopanth+Glacier,,
